{"1": {"trial_id": "409jkpvb", "ssim_dc": 0.7857, "psnr_dc": 31.536466666666666, "ssim_est": 0.6248666666666667, "psnr_est": 28.717666666666663, "alpha_fm": 0.0001, "num_iter": 10000, "iter_start_fm_loss": 0, "weight_method": "late", "downsamp_method": "bicubic"}, "8": {"trial_id": "lwd6legj", "ssim_dc": 0.7796666666666666, "psnr_dc": 31.398600000000002, "ssim_est": 0.6155666666666667, "psnr_est": 28.50303333333333, "alpha_fm": 1e-05, "num_iter": 10000, "iter_start_fm_loss": 0, "weight_method": "all", "downsamp_method": "nearest"}, "4": {"trial_id": "autybby9", "ssim_dc": 0.7778666666666667, "psnr_dc": 31.275199999999998, "ssim_est": 0.6080666666666668, "psnr_est": 28.353099999999998, "alpha_fm": 0.0001, "num_iter": 10000, "iter_start_fm_loss": 0, "weight_method": "all", "downsamp_method": "bilinear"}, "2": {"trial_id": "6efqyxuy", "ssim_dc": 0.7735, "psnr_dc": 31.069100000000002, "ssim_est": 0.6017, "psnr_est": 28.163666666666668, "alpha_fm": 0.0001, "num_iter": 10000, "iter_start_fm_loss": 1000, "weight_method": "early", "downsamp_method": "bilinear"}, "9": {"trial_id": "mfk7h8hd", "ssim_dc": 0.7720333333333333, "psnr_dc": 31.006633333333337, "ssim_est": 0.6062333333333333, "psnr_est": 28.134866666666667, "alpha_fm": 0.001, "num_iter": 10000, "iter_start_fm_loss": 0, "weight_method": "late", "downsamp_method": "nearest"}, "17": {"trial_id": "ymbp19bo", "ssim_dc": 0.7649666666666667, "psnr_dc": 30.832166666666666, "ssim_est": 0.5935, "psnr_est": 27.863033333333334, "alpha_fm": 1e-05, "num_iter": 10000, "iter_start_fm_loss": 0, "weight_method": "early", "downsamp_method": "bilinear"}, "19": {"trial_id": "zzuwyism", "ssim_dc": 0.7628333333333334, "psnr_dc": 30.72243333333334, "ssim_est": 0.5824333333333332, "psnr_est": 27.68416666666667, "alpha_fm": 0.0001, "num_iter": 10000, "iter_start_fm_loss": 0, "weight_method": "early", "downsamp_method": "bicubic"}, "7": {"trial_id": "kq5e8omh", "ssim_dc": 0.7615999999999999, "psnr_dc": 30.6361, "ssim_est": 0.5904333333333333, "psnr_est": 27.657700000000002, "alpha_fm": 0.0001, "num_iter": 10000, "iter_start_fm_loss": 0, "weight_method": "late", "downsamp_method": "nearest"}, "14": {"trial_id": "rut0s0ob", "ssim_dc": 0.7609333333333334, "psnr_dc": 30.624666666666666, "ssim_est": 0.5819333333333333, "psnr_est": 27.5132, "alpha_fm": 0.0001, "num_iter": 10000, "iter_start_fm_loss": 1000, "weight_method": "all", "downsamp_method": "bilinear"}, "10": {"trial_id": "ofw5qu7m", "ssim_dc": 0.7577666666666666, "psnr_dc": 30.53, "ssim_est": 0.5766, "psnr_est": 27.40523333333333, "alpha_fm": 0.001, "num_iter": 10000, "iter_start_fm_loss": 0, "weight_method": "late", "downsamp_method": "bilinear"}, "18": {"trial_id": "zjrpq8gp", "ssim_dc": 0.7574666666666667, "psnr_dc": 30.521266666666666, "ssim_est": 0.5767666666666668, "psnr_est": 27.3265, "alpha_fm": 1e-05, "num_iter": 10000, "iter_start_fm_loss": 0, "weight_method": "all", "downsamp_method": "bilinear"}, "3": {"trial_id": "ah46mows", "ssim_dc": 0.7574000000000001, "psnr_dc": 30.473233333333337, "ssim_est": 0.5735, "psnr_est": 27.219000000000005, "alpha_fm": 1e-05, "num_iter": 10000, "iter_start_fm_loss": 1000, "weight_method": "early", "downsamp_method": "bicubic"}, "12": {"trial_id": "qvtf3wgv", "ssim_dc": 0.7566333333333333, "psnr_dc": 30.502333333333336, "ssim_est": 0.5695333333333333, "psnr_est": 27.122433333333333, "alpha_fm": 1e-05, "num_iter": 10000, "iter_start_fm_loss": 1000, "weight_method": "all", "downsamp_method": "bilinear"}, "11": {"trial_id": "p0yea8a6", "ssim_dc": 0.7562333333333333, "psnr_dc": 30.4089, "ssim_est": 0.5751666666666667, "psnr_est": 27.309366666666666, "alpha_fm": 1e-05, "num_iter": 10000, "iter_start_fm_loss": 1000, "weight_method": "all", "downsamp_method": "nearest"}, "13": {"trial_id": "riz67c4j", "ssim_dc": 0.7550666666666667, "psnr_dc": 30.3777, "ssim_est": 0.5699666666666666, "psnr_est": 27.1587, "alpha_fm": 0.001, "num_iter": 10000, "iter_start_fm_loss": 1000, "weight_method": "late", "downsamp_method": "bilinear"}, "0": {"trial_id": "2lvfzxsn", "ssim_dc": 0.7549666666666667, "psnr_dc": 30.366766666666667, "ssim_est": 0.5796, "psnr_est": 27.36276666666667, "alpha_fm": 0.0001, "num_iter": 10000, "iter_start_fm_loss": 1600, "weight_method": "all", "downsamp_method": "bilinear"}, "16": {"trial_id": "wk7lr3tv", "ssim_dc": 0.7543333333333333, "psnr_dc": 30.344266666666666, "ssim_est": 0.5782333333333334, "psnr_est": 27.332366666666662, "alpha_fm": 0.0001, "num_iter": 10000, "iter_start_fm_loss": 1600, "weight_method": "late", "downsamp_method": "bicubic"}, "15": {"trial_id": "tbsvubnj", "ssim_dc": 0.7532, "psnr_dc": 30.308633333333333, "ssim_est": 0.5684, "psnr_est": 27.103633333333335, "alpha_fm": 0.0001, "num_iter": 10000, "iter_start_fm_loss": 1600, "weight_method": "early", "downsamp_method": "nearest"}, "6": {"trial_id": "hgejliq8", "ssim_dc": 0.7521666666666667, "psnr_dc": 30.244699999999998, "ssim_est": 0.5673, "psnr_est": 27.123033333333336, "alpha_fm": 0.001, "num_iter": 10000, "iter_start_fm_loss": 1000, "weight_method": "late", "downsamp_method": "bicubic"}, "5": {"trial_id": "ep3o5p3r", "ssim_dc": 0.7514333333333334, "psnr_dc": 30.197999999999997, "ssim_est": 0.5645666666666667, "psnr_est": 26.973566666666667, "alpha_fm": 0.0001, "num_iter": 10000, "iter_start_fm_loss": 1000, "weight_method": "early", "downsamp_method": "nearest"}}