{"66": {"trial_id": "f1g4rdh9", "ssim_dc": 0.7284333333333333, "psnr_dc": 28.9329, "ssim_est": 0.5024666666666667, "psnr_est": 24.480999999999998, "alpha_fm": 0.0001, "num_iter": 2000, "iter_start_fm_loss": 0, "weight_method": "late", "downsamp_method": "nearest"}, "77": {"trial_id": "i4csenaj", "ssim_dc": 0.7271333333333333, "psnr_dc": 28.824766666666665, "ssim_est": 0.501, "psnr_est": 24.403666666666666, "alpha_fm": 0.0001, "num_iter": 2000, "iter_start_fm_loss": 0, "weight_method": "late", "downsamp_method": "bicubic"}, "61": {"trial_id": "dyn9rycz", "ssim_dc": 0.7268333333333333, "psnr_dc": 28.816833333333335, "ssim_est": 0.49646666666666667, "psnr_est": 24.212033333333334, "alpha_fm": 0.001, "num_iter": 2000, "iter_start_fm_loss": 1000, "weight_method": "late", "downsamp_method": "bilinear"}, "139": {"trial_id": "w1v8v9ni", "ssim_dc": 0.7263333333333334, "psnr_dc": 28.807199999999998, "ssim_est": 0.5003666666666667, "psnr_est": 24.4659, "alpha_fm": 1e-05, "num_iter": 2000, "iter_start_fm_loss": 0, "weight_method": "all", "downsamp_method": "bilinear"}, "12": {"trial_id": "1p0kn9i7", "ssim_dc": 0.7258333333333332, "psnr_dc": 28.75406666666667, "ssim_est": 0.4926, "psnr_est": 24.087366666666668, "alpha_fm": 0.0001, "num_iter": 2000, "iter_start_fm_loss": 1600, "weight_method": "early", "downsamp_method": "nearest"}, "62": {"trial_id": "e02fifef", "ssim_dc": 0.7256, "psnr_dc": 28.771666666666665, "ssim_est": 0.4978666666666667, "psnr_est": 24.286466666666666, "alpha_fm": 0.0001, "num_iter": 2000, "iter_start_fm_loss": 1600, "weight_method": "late", "downsamp_method": "bicubic"}, "86": {"trial_id": "jlpxw8ir", "ssim_dc": 0.7253, "psnr_dc": 28.741, "ssim_est": 0.4958, "psnr_est": 24.202799999999996, "alpha_fm": 0.0001, "num_iter": 2000, "iter_start_fm_loss": 0, "weight_method": "all", "downsamp_method": "bilinear"}, "99": {"trial_id": "po20t7qw", "ssim_dc": 0.7248333333333333, "psnr_dc": 28.697699999999998, "ssim_est": 0.49363333333333337, "psnr_est": 24.1352, "alpha_fm": 0.0001, "num_iter": 2000, "iter_start_fm_loss": 1000, "weight_method": "all", "downsamp_method": "bilinear"}, "15": {"trial_id": "39n9u56h", "ssim_dc": 0.7247333333333333, "psnr_dc": 28.7487, "ssim_est": 0.49490000000000006, "psnr_est": 24.158966666666668, "alpha_fm": 0.001, "num_iter": 2000, "iter_start_fm_loss": 1000, "weight_method": "late", "downsamp_method": "bicubic"}, "43": {"trial_id": "arbc3ur2", "ssim_dc": 0.7246666666666667, "psnr_dc": 28.754, "ssim_est": 0.49973333333333336, "psnr_est": 24.387266666666665, "alpha_fm": 0.001, "num_iter": 2000, "iter_start_fm_loss": 0, "weight_method": "late", "downsamp_method": "bilinear"}, "112": {"trial_id": "rnewwdqq", "ssim_dc": 0.7246333333333332, "psnr_dc": 28.732033333333334, "ssim_est": 0.4911999999999999, "psnr_est": 24.134733333333333, "alpha_fm": 0.0001, "num_iter": 2000, "iter_start_fm_loss": 1000, "weight_method": "early", "downsamp_method": "nearest"}, "138": {"trial_id": "w1c1016j", "ssim_dc": 0.7246333333333332, "psnr_dc": 28.6978, "ssim_est": 0.48950000000000005, "psnr_est": 24.10893333333333, "alpha_fm": 0.0001, "num_iter": 2000, "iter_start_fm_loss": 1000, "weight_method": "early", "downsamp_method": "bilinear"}, "132": {"trial_id": "vf7n2ib6", "ssim_dc": 0.7244666666666667, "psnr_dc": 28.723066666666668, "ssim_est": 0.49196666666666666, "psnr_est": 24.132099999999998, "alpha_fm": 1e-05, "num_iter": 2000, "iter_start_fm_loss": 1000, "weight_method": "all", "downsamp_method": "bilinear"}, "82": {"trial_id": "ixn1eec3", "ssim_dc": 0.7243666666666666, "psnr_dc": 28.662833333333335, "ssim_est": 0.4880333333333334, "psnr_est": 23.872966666666667, "alpha_fm": 0.0001, "num_iter": 2000, "iter_start_fm_loss": 1600, "weight_method": "all", "downsamp_method": "bilinear"}, "49": {"trial_id": "boiapp6f", "ssim_dc": 0.7242666666666667, "psnr_dc": 28.697166666666664, "ssim_est": 0.4944333333333333, "psnr_est": 24.285700000000002, "alpha_fm": 1e-05, "num_iter": 2000, "iter_start_fm_loss": 0, "weight_method": "early", "downsamp_method": "bilinear"}, "107": {"trial_id": "r71wfg6k", "ssim_dc": 0.7240666666666667, "psnr_dc": 28.6789, "ssim_est": 0.5024333333333333, "psnr_est": 24.376533333333338, "alpha_fm": 1e-05, "num_iter": 2000, "iter_start_fm_loss": 0, "weight_method": "all", "downsamp_method": "nearest"}, "91": {"trial_id": "k6aoqok1", "ssim_dc": 0.7240666666666667, "psnr_dc": 28.682733333333335, "ssim_est": 0.49420000000000003, "psnr_est": 24.1688, "alpha_fm": 1e-05, "num_iter": 2000, "iter_start_fm_loss": 1000, "weight_method": "early", "downsamp_method": "bicubic"}, "96": {"trial_id": "nk28r9f1", "ssim_dc": 0.7239999999999999, "psnr_dc": 28.702033333333333, "ssim_est": 0.49269999999999997, "psnr_est": 24.112233333333336, "alpha_fm": 1e-05, "num_iter": 2000, "iter_start_fm_loss": 1000, "weight_method": "all", "downsamp_method": "nearest"}, "130": {"trial_id": "uvz74b9u", "ssim_dc": 0.7239666666666666, "psnr_dc": 28.756, "ssim_est": 0.48966666666666664, "psnr_est": 24.032433333333334, "alpha_fm": 0.0001, "num_iter": 2000, "iter_start_fm_loss": 0, "weight_method": "early", "downsamp_method": "bicubic"}, "136": {"trial_id": "vz8mku1t", "ssim_dc": 0.7239666666666666, "psnr_dc": 28.6674, "ssim_est": 0.4926333333333333, "psnr_est": 24.181933333333333, "alpha_fm": 0.001, "num_iter": 2000, "iter_start_fm_loss": 0, "weight_method": "late", "downsamp_method": "nearest"}}